position,RSRS,rCRS,,,,,,,,,,
73,G,A,,,,,,,,,,
146,C,T,,,,,,,,,,
152,C,T,,,,,,,,,,
195,C,T,,,,,,,,,,
247,A,G,,,,,,,,,,
263,G,A,,,,,,,,,,
523,-,A,,,,,,,,,,
524,-,C,,,,,,,,,,
750,G,A,,,,,,,,,,
769,A,G,,,,,,,,,,
825,A,T,,,,,,,,,,
1018,A,G,,,,,,,,,,
1438,G,A,,,,,,,,,,
2706,G,A,,,,,,,,,,
2758,A,G,,,,,,,,,,
2885,C,T,,,,,,,,,,
3594,T,C,,,,,,,,,,
4104,G,A,,,,,,,,,,
4312,T,C,,,,,,,,,,
4769,G,A,,,,,,,,,,
7028,T,C,,,,,,,,,,
7146,G,A,,,,,,,,,,
7256,T,C,,,,,,,,,,
7521,A,G,,,,,,,,,,
8468,T,C,,,,,,,,,,
8655,T,C,,,,,,,,,,
8701,G,A,,,,,,,,,,
8860,G,A,,,,,,,,,,
9540,C,T,,,,,,,,,,
10398,G,A,,,,,,,,,,
10664,T,C,,,,,,,,,,
10688,A,G,,,,,,,,,,
10810,C,T,,,,,,,,,,
10873,C,T,,,,,,,,,,
10915,C,T,,,,,,,,,,
11719,A,G,,,,,,,,,,
11914,A,G,,,,,,,,,,
12705,T,C,,,,,,,,,,
13105,G,A,,,,,,,,,,
13276,G,A,,,,,,,,,,
13506,T,C,,,,,,,,,,
13650,T,C,,,,,,,,,,
14766,T,C,,,,,,,,,,
15326,G,A,,,,,,,,,,
16129,A,G,,,,,,,,,,
16187,T,C,,,,,,,,,,
16189,C,T,,,,,,,,,,
16223,T,C,,,,,,,,,,
16230,G,A,,,,,,,,,,
16278,T,C,,,,,,,,,,
16311,C,T,,,,,,,,,,
16519,C,T,,,,,,,,,,